https://agorarn.com.br/;https://twitter.com/intent/tweet?url=https://agorarn.com.br/destaques_left/destaques_left2/com-coronavirus-general-girao-recebe-alta-mas-continuara-em-isolamento/&text=Com coronavírus, General Girão recebe alta de hospital, mas continuará em isolamento&via=agora_rn
https://agorarn.com.br/;https://agorarn.com.br/cidades/prefeitura-do-natal-estuda-verticalizar-cemiterio-para-comportar-demanda-gerada-pela-covid-19
https://agorarn.com.br/;https://www.facebook.com/sharer.php?u=https://agorarn.com.br/politica/fatima-cancela-campanha-publicitaria-sobre-coronavirus-verba-era-de-r-3-milhoes
https://agorarn.com.br/;https://www.facebook.com/sharer.php?u=https://agorarn.com.br/mundo/parte-da-india-e-interditada-apos-propagacao-de-coronavirus
https://agorarn.com.br/;https://agorarn.com.br/cidades/secretaria-de-saude-de-natal-elabora-plano-de-contingencia-para-o-coronavirus
https://agorarn.com.br/;https://twitter.com/intent/tweet?url=https://agorarn.com.br/policia/seap-repudia-fake-news-sobre-coronavirus-no-sistema-penal-do-rn/&text=Seap repudia fake news sobre coronavírus no sistema penal do RN&via=agora_rn
https://agorarn.com.br/;https://www.facebook.com/sharer.php?u=https://agorarn.com.br/nacionais/ministerio-da-saude-promete-229-milhoes-de-testes-do-novo-coronavirus
https://agorarn.com.br/;https://twitter.com/intent/tweet?url=https://agorarn.com.br/esportes/abc-demite-30-funcionarios-em-virtude-da-crise-do-coronavirus/&text=ABC demite 30 funcionários em virtude da crise do coronavírus&via=agora_rn
https://agorarn.com.br/;https://agorarn.com.br/zapping/sbt-suspende-gravacoes-de-novelas-e-programas-por-prevencao-ao-coronavirus
https://agorarn.com.br/;https://twitter.com/intent/tweet?url=https://agorarn.com.br/opiniao/notas-e-informes-lava-jato-e-a-covid-19/&text=Notas e informes: Lava Jato e a Covid-19&via=agora_rn
https://agorarn.com.br/;https://twitter.com/intent/tweet?url=https://agorarn.com.br/cidades/hospitais-privados-do-rn-nao-podem-recusar-pacientes-com-covid-19-diz-sesap/&text=Hospitais privados do RN não podem recusar pacientes com covid-19, diz Sesap&via=agora_rn
https://agorarn.com.br/;https://www.facebook.com/sharer.php?u=https://agorarn.com.br/policia/seap-repudia-fake-news-sobre-coronavirus-no-sistema-penal-do-rn
https://agorarn.com.br/;https://www.facebook.com/sharer.php?u=https://agorarn.com.br/cidades/prefeitura-do-natal-estuda-verticalizar-cemiterio-para-comportar-demanda-gerada-pela-covid-19
https://agorarn.com.br/;https://agorarn.com.br/cidades/governadora-nega-que-estado-realize-testes-de-coronavirus-em-casa
https://agorarn.com.br/;https://agorarn.com.br/zapping/xand-aviao-e-esposa-testam-positivo-para-coronavirus
https://agorarn.com.br/;https://www.facebook.com/sharer.php?u=https://agorarn.com.br/zapping/xand-aviao-e-esposa-testam-positivo-para-coronavirus
https://agorarn.com.br/;https://agorarn.com.br/politica/vereador-ney-lopes-jr-esta-internado-em-uti-com-suspeita-de-coronavirus
https://agorarn.com.br/;https://agorarn.com.br/chamada/rn-tem-478-casos-suspeitos-de-coronavirus-em-66-municipios
https://agorarn.com.br/;https://agorarn.com.br/policia/em-natal-bandidos-fingem-combater-coronavirus-pm-alerta-para-golpe
https://agorarn.com.br/;https://agorarn.com.br/cultura/pandemia-de-coronavirus-adia-e-cancela-eventos-culturais-no-rn
https://agorarn.com.br/;https://twitter.com/intent/tweet?url=https://agorarn.com.br/cidades/prefeitura-do-natal-estuda-verticalizar-cemiterio-para-comportar-demanda-gerada-pela-covid-19/&text=Prefeitura do Natal estuda verticalizar cemitério para comportar demanda gerada pela covid-19&via=agora_rn
https://agorarn.com.br/;https://agorarn.com.br/nacionais/ministerio-da-saude-promete-229-milhoes-de-testes-do-novo-coronavirus
https://agorarn.com.br/;https://www.facebook.com/sharer.php?u=https://agorarn.com.br/zapping/apos-teste-luisa-mell-confirma-que-esta-com-o-novo-coronavirus
https://agorarn.com.br/;https://agorarn.com.br/destaques_left/destaques_left2/com-coronavirus-general-girao-recebe-alta-mas-continuara-em-isolamento
https://agorarn.com.br/;https://twitter.com/intent/tweet?url=https://agorarn.com.br/mundo/parte-da-india-e-interditada-apos-propagacao-de-coronavirus/&text=Parte da Índia é interditada após propagação de coronavírus&via=agora_rn
https://agorarn.com.br/;https://www.facebook.com/sharer.php?u=https://agorarn.com.br/destaques_left/destaques_left2/com-coronavirus-general-girao-recebe-alta-mas-continuara-em-isolamento
https://agorarn.com.br/;https://twitter.com/intent/tweet?url=https://agorarn.com.br/cidades/secretaria-de-saude-de-natal-elabora-plano-de-contingencia-para-o-coronavirus/&text=Secretaria de Saúde de Natal elabora Plano de Contingência para o coronavírus&via=agora_rn
https://agorarn.com.br/;https://agorarn.com.br/esportes/abc-demite-30-funcionarios-em-virtude-da-crise-do-coronavirus
https://agorarn.com.br/;https://twitter.com/intent/tweet?url=https://agorarn.com.br/mundo/utis-da-franca-cavam-trincheiras-na-guerra-contra-o-coronavirus/&text=UTIs da França “cavam trincheiras” na guerra contra o coronavírus&via=agora_rn
https://agorarn.com.br/;https://twitter.com/intent/tweet?url=https://agorarn.com.br/zapping/sbt-suspende-gravacoes-de-novelas-e-programas-por-prevencao-ao-coronavirus/&text=SBT suspende gravações de novelas e programas por prevenção ao coronavírus&via=agora_rn
https://agorarn.com.br/;https://www.facebook.com/sharer.php?u=https://agorarn.com.br/cultura/pandemia-de-coronavirus-adia-e-cancela-eventos-culturais-no-rn
https://agorarn.com.br/;https://agorarn.com.br/zapping/apos-teste-luisa-mell-confirma-que-esta-com-o-novo-coronavirus
https://agorarn.com.br/;https://agorarn.com.br/zapping/por-causa-do-coronavirus-anitta-se-isola-em-casa-com-os-amigos
https://agorarn.com.br/;https://twitter.com/intent/tweet?url=https://agorarn.com.br/nacionais/ministerio-da-saude-promete-229-milhoes-de-testes-do-novo-coronavirus/&text=Ministério da Saúde promete 22,9 milhões de testes do novo coronavírus&via=agora_rn
https://agorarn.com.br/;https://agorarn.com.br/policia/seap-repudia-fake-news-sobre-coronavirus-no-sistema-penal-do-rn
https://agorarn.com.br/;https://twitter.com/intent/tweet?url=https://agorarn.com.br/politica/fatima-cancela-campanha-publicitaria-sobre-coronavirus-verba-era-de-r-3-milhoes/&text=Fátima cancela campanha publicitária sobre coronavírus; verba era de R$ 3 milhões&via=agora_rn
https://agorarn.com.br/;https://twitter.com/intent/tweet?url=https://agorarn.com.br/cultura/pandemia-de-coronavirus-adia-e-cancela-eventos-culturais-no-rn/&text=Pandemia de coronavírus adia e cancela eventos culturais no RN&via=agora_rn
https://agorarn.com.br/;https://agorarn.com.br/cidades/hospitais-privados-do-rn-nao-podem-recusar-pacientes-com-covid-19-diz-sesap
https://agorarn.com.br/;https://agorarn.com.br/chamada/jogos-olimpicos-de-toquio-sao-adiados-por-um-ano-em-razao-do-coronavirus
https://agorarn.com.br/;https://www.facebook.com/sharer.php?u=https://agorarn.com.br/opiniao/notas-e-informes-lava-jato-e-a-covid-19
https://agorarn.com.br/;https://twitter.com/intent/tweet?url=https://agorarn.com.br/policia/em-natal-bandidos-fingem-combater-coronavirus-pm-alerta-para-golpe/&text=Em Natal, bandidos fingem combater coronavírus para praticar assaltos&via=agora_rn
https://agorarn.com.br/;https://twitter.com/intent/tweet?url=https://agorarn.com.br/mundo/covid-19-presidente-do-mexico-promete-concentrar-ajuda-a-mais-pobres/&text=Covid-19: presidente do México promete concentrar ajuda a mais pobres&via=agora_rn
https://agorarn.com.br/;https://twitter.com/intent/tweet?url=https://agorarn.com.br/zapping/por-causa-do-coronavirus-anitta-se-isola-em-casa-com-os-amigos/&text=Por causa do coronavírus, Anitta se isola em casa com os amigos&via=agora_rn
https://agorarn.com.br/;https://www.facebook.com/sharer.php?u=https://agorarn.com.br/esportes/abc-demite-30-funcionarios-em-virtude-da-crise-do-coronavirus
https://agorarn.com.br/;https://agorarn.com.br/chamada/brasil-tem-46-mortes-e-2-201-casos-confirmados-de-coronavirus
https://agorarn.com.br/;https://agorarn.com.br/politica/fatima-cancela-campanha-publicitaria-sobre-coronavirus-verba-era-de-r-3-milhoes
https://agorarn.com.br/;https://www.facebook.com/sharer.php?u=https://agorarn.com.br/politica/vereador-ney-lopes-jr-esta-internado-em-uti-com-suspeita-de-coronavirus
https://agorarn.com.br/;https://twitter.com/intent/tweet?url=https://agorarn.com.br/zapping/xand-aviao-e-esposa-testam-positivo-para-coronavirus/&text=Xand Avião e esposa testam positivo para coronavírus&via=agora_rn
https://agorarn.com.br/;https://www.facebook.com/sharer.php?u=https://agorarn.com.br/zapping/sbt-suspende-gravacoes-de-novelas-e-programas-por-prevencao-ao-coronavirus
https://agorarn.com.br/;https://www.facebook.com/sharer.php?u=https://agorarn.com.br/cidades/hospitais-privados-do-rn-nao-podem-recusar-pacientes-com-covid-19-diz-sesap
https://agorarn.com.br/;https://www.facebook.com/sharer.php?u=https://agorarn.com.br/mundo/covid-19-presidente-do-mexico-promete-concentrar-ajuda-a-mais-pobres
https://agorarn.com.br/;https://agorarn.com.br/mundo/covid-19-presidente-do-mexico-promete-concentrar-ajuda-a-mais-pobres
https://agorarn.com.br/;https://agorarn.com.br/mundo/utis-da-franca-cavam-trincheiras-na-guerra-contra-o-coronavirus
https://agorarn.com.br/;https://agorarn.com.br/opiniao/notas-e-informes-lava-jato-e-a-covid-19
https://agorarn.com.br/;https://twitter.com/intent/tweet?url=https://agorarn.com.br/zapping/apos-teste-luisa-mell-confirma-que-esta-com-o-novo-coronavirus/&text=Após teste, Luisa Mell confirma que está com o novo coronavírus&via=agora_rn
https://agorarn.com.br/;https://www.facebook.com/sharer.php?u=https://agorarn.com.br/zapping/por-causa-do-coronavirus-anitta-se-isola-em-casa-com-os-amigos
https://agorarn.com.br/;https://www.facebook.com/sharer.php?u=https://agorarn.com.br/cidades/secretaria-de-saude-de-natal-elabora-plano-de-contingencia-para-o-coronavirus
https://agorarn.com.br/;https://www.facebook.com/sharer.php?u=https://agorarn.com.br/mundo/utis-da-franca-cavam-trincheiras-na-guerra-contra-o-coronavirus
https://agorarn.com.br/;https://www.facebook.com/sharer.php?u=https://agorarn.com.br/policia/em-natal-bandidos-fingem-combater-coronavirus-pm-alerta-para-golpe
https://agorarn.com.br/;https://agorarn.com.br/mundo/parte-da-india-e-interditada-apos-propagacao-de-coronavirus
https://agorarn.com.br/;https://twitter.com/intent/tweet?url=https://agorarn.com.br/politica/vereador-ney-lopes-jr-esta-internado-em-uti-com-suspeita-de-coronavirus/&text=Vereador Ney Lopes Jr está internado em UTI com suspeita de coronavírus&via=agora_rn
http://www.tribunadonorte.com.br/;http://www.tribunadonorte.com.br/noticia/covid-19-governo-do-estado-proa-be-que-rede-privada-negue-atendimento/475672
http://www.tribunadenoticias.com.br/;http://www.tribunadenoticias.com.br/2020/03/rn-tem-mais-um-caso-confirmado-de-covid.html
http://www.tribunadenoticias.com.br/;http://www.tribunadenoticias.com.br/2020/03/deputado-do-rn-diagnosticado-com-covid.html
http://www.tribunadenoticias.com.br/;http://www.tribunadenoticias.com.br/2020/03/por-coronavirus-aneel-suspende-cortes.html
https://defato.com/;https://defato.com/brasil/87655/covid-19-brasil-tem-46-mortes-e-mais-de-2-mil-casos-confirmados
https://defato.com/;https://defato.com/videos/809/mdico-alerta-que-tibau-pode-ter-registrado-dois-casos-suspeitos-de-covid-19
https://defato.com/;https://defato.com/seguranca/87645/moro-libera-recursos-de-fundo-de-segurana-para-combate-covid-19
https://defato.com/;https://defato.com/esportes/87637/covid-19-uefa-adia-finais-da-liga-dos-campees-e-da-liga-europa
https://defato.com/;https://defato.com/mossoro/87647/municpio-tem-90-casos-suspeitos-de-coronavirus-aponta-novo-boletim
https://www.diariopotiguar.com.br/;https://www.diariopotiguar.com.br/2020/03/coronavirus-domingao-do-faustao-ira-ao.html
https://www.potiguarnoticias.com.br/;https://www.potiguarnoticias.com.br/noticias/44795/pessoas-que-foram-a-festa-rave-na-pipa-sao-suspeitas-de-contagio-por-coronavirus
https://www.potiguarnoticias.com.br/;https://www.potiguarnoticias.com.br/noticias/44796/mortes-por-coronavirus-ja-somam-mais-de-10000-na-europa
https://www.potiguarnoticias.com.br/;https://www.potiguarnoticias.com.br/noticias/44798/coronavirus-pessoas-com-asma-tem-maior-risco-de-complicacoes
https://www.potiguarnoticias.com.br/;https://www.potiguarnoticias.com.br/noticias/44779/sobe-para-14-numero-de-casos-confirmados-de-coronavirus-no-rn
https://www.potiguarnoticias.com.br/;https://www.potiguarnoticias.com.br/noticias/44806/consultora-da-dicas-para-empresas-amenizarem-perdas-em-meio-ao-coronavirus
https://www.potiguarnoticias.com.br/;https://www.potiguarnoticias.com.br/noticias/44703/camara-de-parnamirim-anuncia-medidas-de-prevencao-contra-coronavirus
